Emilia,Junior Software Engineer
Evan,Software Engineer
David,Software Engineer
Roman,Software Engineer
Nathaniel,Tech Lead
Jonah,QA Engineer
Aaliyah,QA Engineer
Lucy,QA Engineer
Tyler,Software Engineer
Mason,QA Engineer
Luis,Junior Software Engineer
Savannah,Software Engineer
Wesley,Software Engineer
Cameron,Software Engineer
Elizabeth,Junior Software Engineer
Leo,Product Manager
Zachary,QA Engineer
Brooks,Software Engineer
Sadie,QA Engineer
Gianna,Junior Software Engineer
Audrey,Senior Software Engineer
Alexander,Software Engineer
Declan,Software Engineer
Anna,Junior Software Engineer
Michael,Software Engineer
Oliver,Junior Software Engineer
John,Senior Software Engineer
Elena,Junior Software Engineer
Isaac,Software Engineer
Cole,QA Engineer
Ezra,Software Engineer
Ashton,Product Manager
Robert,Software Engineer
Everly,Senior Software Engineer
Xavier,Software Engineer
Kennedy,Software Engineer
Nathan,Software Engineer
Ian,Software Engineer
Carson,Senior Software Engineer
Kinsley,Software Engineer
Micah,Software Engineer
William,Product Manager
Addison,QA Engineer
Maxwell,Software Engineer
Kai,Software Engineer
Carter,Software Engineer
Brooklyn,QA Engineer
Kingston,Software Engineer
Harrison,QA Engineer
Myles,Engineering Manager
Gael,QA Engineer
Dominic,Junior Software Engineer
Camila,Software Engineer
Violet,Software Engineer
Ruby,Software Engineer
Riley,Junior Software Engineer
Claire,QA Engineer
Damian,Junior Software Engineer
Christian,Software Engineer
Adriel,Software Engineer
Calvin,Senior Software Engineer
Genesis,Software Engineer
Hunter,Tech Lead
Charlotte,Software Engineer
Jonathan,Software Engineer
Lincoln,QA Engineer
Kaiden,Product Manager
Madelyn,Junior Software Engineer
Anthony,Software Engineer
Luna,Senior Software Engineer
Parker,Software Engineer
River,Software Engineer
Victoria,QA Engineer
Levi,Junior Software Engineer
Brayden,Software Engineer
Eli,Software Engineer
Logan,Software Engineer
Christopher,Engineering Manager
Santiago,Junior Software Engineer
Jose,QA Engineer
Theodore,Software Engineer
Jason,QA Engineer
Connor,Software Engineer
Grace,Software Engineer
Benjamin,Senior Software Engineer
Valentina,Software Engineer
Zoe,Senior Software Engineer
Austin,Junior Software Engineer
Ava,Junior Software Engineer
Evelyn,QA Engineer
Sophia,QA Engineer
Leah,Software Engineer
Hudson,Software Engineer
Silas,Software Engineer
Milo,Engineering Manager
Braxton,Tech Lead
Ellie,QA Engineer
Ivy,Software Engineer
Amir,Senior Software Engineer
