169,false
170,false
171,false
172,false
173,false
174,false
175,false
176,false
177,false
178,false
179,false
180,false
181,false
182,false
183,false
184,false
185,false
186,false
187,false
188,false
189,false
190,false
191,false
192,false
193,false
194,false
195,false
196,false
197,false
198,false
199,false
199,true
200,false
201,false
202,false
203,false
204,false
205,false
206,false
207,false
208,false
209,false
210,false
211,false
212,false
213,false
214,false
215,false
216,false
217,false
218,false
219,false
220,false
221,false
222,false
223,false
223,true
224,false
225,false
226,false
227,false
228,false
229,false
230,false
231,false
232,false
233,false
234,false
235,false
236,false
237,false
237,true
238,false
239,false
240,false
241,false
242,false
243,false
244,false
245,false
246,false
247,false
248,false
249,false
250,false
251,false
252,false
