"id";"name"
1;[01] Гарри Поттер и Философский камень 2001
2;[02] Гарри Поттер и Тайная комната 2002
3;[03] Гарри Поттер и Узник Азкабана 2004
4;[04] Гарри Поттер и Кубок огня 2005
5;[05] Гарри Поттер и Орден Феникса 2007
6;[06] Гарри Поттер и Принц-полукровка 2009
7;[07] Гарри Поттер и Дары Смерти: Часть 1 2010
8;[08] Гарри Поттер и Дары Смерти: Часть 2 2011
9;[09] Гарри Поттер: История магии 2017
10;[10] Гарри Поттер: Возвращение в Хогвартс 2022
11;[11] Гарри Поттер: Как Снимали Фильм 2023
12;Создание Мира Гарри Поттера 2009
13;Гарри Поттер: Турнир Факультетов Хогвартса 2021
